{
    "elapsed_time_sec": 0.979769229888916,
    "files": {
        "time_check.py": {
            "functions": [],
            "leaks": {},
            "lines": [
                {
                    "line": "import numpy as np\n",
                    "lineno": 1,
                    "memory_samples": [
                        [
                            50497936,
                            1.4874513352271304
                        ],
                        [
                            114802248,
                            3.144608061398712
                        ],
                        [
                            145318607,
                            4.621518274617186
                        ],
                        [
                            974245691,
                            6.153828605120377
                        ],
                        [
                            977876703,
                            10.213369005715812
                        ]
                    ],
                    "n_avg_mb": 1.4778223037719727,
                    "n_copy_mb_s": 0.0,
                    "n_cpu_percent_c": 55.26242743476877,
                    "n_cpu_percent_python": 9.065780195618578,
                    "n_gpu_avg_memory_mb": 0.0,
                    "n_gpu_peak_memory_mb": 0.0,
                    "n_gpu_percent": 0,
                    "n_growth_mb": 8.639154434204102,
                    "n_malloc_mb": 10.116976737976074,
                    "n_mallocs": 1,
                    "n_peak_mb": 8.639154434204102,
                    "n_python_fraction": 0.5889189831712907,
                    "n_sys_percent": 35.67179236961265,
                    "n_usage_fraction": 1.0
                },
                {
                    "line": "from HOI.preprocessings import compute_kernel\n",
                    "lineno": 3,
                    "memory_samples": [],
                    "n_avg_mb": 0.0,
                    "n_copy_mb_s": 0.0,
                    "n_cpu_percent_c": 0.0,
                    "n_cpu_percent_python": 0.0,
                    "n_gpu_avg_memory_mb": 0.0,
                    "n_gpu_peak_memory_mb": 0.0,
                    "n_gpu_percent": 0,
                    "n_growth_mb": 0.0,
                    "n_malloc_mb": 0.0,
                    "n_mallocs": 1,
                    "n_peak_mb": 0.0,
                    "n_python_fraction": 0,
                    "n_sys_percent": 0.0,
                    "n_usage_fraction": 0.0
                }
            ],
            "percent_cpu_time": 100.0
        }
    },
    "gpu": true,
    "growth_rate": 101.86306743728731,
    "max_footprint_fname": "time_check.py",
    "max_footprint_lineno": 3,
    "max_footprint_mb": 10.305462837219238,
    "memory": true,
    "program": "time_check.py",
    "samples": [
        [
            50478824,
            1.4913792767470502
        ],
        [
            977862853,
            10.332617976480536
        ]
    ]
}
